1:Sandi:Gavini:sgavini0@ucoz.com:Female
2:Bettye:Oger:boger1@1und1.de:Female
3:Dru:Moppett:dmoppett2@google.nl:Female
4:Dorette:Hammatt:dhammatt3@nifty.com:Female
5:Mano:Agates:magates4@printfriendly.com:Male
6:My:Morrall:mmorrall5@youtube.com:Male
7:Jeramey:Ridley:jridley6@nps.gov:Male
8:Em:Labell:elabell7@mozilla.org:Male
9:Rosene:Murty:rmurty8@sakura.ne.jp:Female
10:Quinn:Whybray:qwhybray9@cocolog-nifty.com:Female